{
  "ents_f": 72.3956506489,
  "ents_p": 73.4519572954,
  "ents_per_type": {
    "CARDINAL": {
      "f": 90.5405405405,
      "p": 85.8974358974,
      "r": 95.7142857143
    },
    "DATE": {
      "f": 92.2056384743,
      "p": 94.2372881356,
      "r": 90.2597402597
    },
    "EVENT": {
      "f": 36.3636363636,
      "p": 38.0952380952,
      "r": 34.7826086957
    },
    "FAC": {
      "f": 15.7894736842,
      "p": 12.5,
      "r": 21.4285714286
    },
    "GPE": {
      "f": 73.1818181818,
      "p": 62.4031007752,
      "r": 88.4615384615
    },
    "LANGUAGE": {
      "f": 76.1904761905,
      "p": 80.0,
      "r": 72.7272727273
    },
    "LAW": {
      "f": 0.0,
      "p": 0.0,
      "r": 0.0
    },
    "LOC": {
      "f": 25.9259259259,
      "p": 35.0,
      "r": 20.5882352941
    },
    "MONEY": {
      "f": 50.0,
      "p": 100.0,
      "r": 33.3333333333
    },
    "NORP": {
      "f": 79.781420765,
      "p": 73.0,
      "r": 87.9518072289
    },
    "ORDINAL": {
      "f": 88.8888888889,
      "p": 93.3333333333,
      "r": 84.8484848485
    },
    "ORG": {
      "f": 59.0604026846,
      "p": 68.2170542636,
      "r": 52.0710059172
    },
    "PERCENT": {
      "f": 92.3076923077,
      "p": 85.7142857143,
      "r": 100.0
    },
    "PERSON": {
      "f": 71.0526315789,
      "p": 72.2408026756,
      "r": 69.9029126214
    },
    "PRODUCT": {
      "f": 0.0,
      "p": 0.0,
      "r": 0.0
    },
    "QUANTITY": {
      "f": 78.2608695652,
      "p": 81.8181818182,
      "r": 75.0
    },
    "TIME": {
      "f": 0.0,
      "p": 0.0,
      "r": 0.0
    },
    "WORK_OF_ART": {
      "f": 52.8428093645,
      "p": 66.3865546218,
      "r": 43.8888888889
    }
  },
  "ents_r": 71.3692946058,
  "las": 81.3304938647,
  "las_per_type": {
    "acl": {
      "f": 38.7878787879,
      "p": 47.0588235294,
      "r": 32.9896907216
    },
    "acl:relcl": {
      "f": 65.6441717791,
      "p": 64.0718562874,
      "r": 67.2955974843
    },
    "advcl": {
      "f": 47.1395881007,
      "p": 47.9069767442,
      "r": 46.3963963964
    },
    "advmod": {
      "f": 77.191452246,
      "p": 76.4909248055,
      "r": 77.9049295775
    },
    "amod": {
      "f": 86.7170146602,
      "p": 85.9911894273,
      "r": 87.4551971326
    },
    "appos": {
      "f": 67.3780487805,
      "p": 67.7914110429,
      "r": 66.9696969697
    },
    "aux": {
      "f": 88.3031301483,
      "p": 88.4488448845,
      "r": 88.1578947368
    },
    "aux:pass": {
      "f": 88.7096774194,
      "p": 85.9375,
      "r": 91.6666666667
    },
    "case": {
      "f": 94.5872518286,
      "p": 93.3195876289,
      "r": 95.8898305085
    },
    "cc": {
      "f": 85.6338028169,
      "p": 84.7583643123,
      "r": 86.5275142315
    },
    "ccomp": {
      "f": 58.4158415842,
      "p": 62.1052631579,
      "r": 55.1401869159
    },
    "compound:prt": {
      "f": 74.8166259169,
      "p": 79.6875,
      "r": 70.5069124424
    },
    "conj": {
      "f": 65.3144016227,
      "p": 64.9193548387,
      "r": 65.7142857143
    },
    "cop": {
      "f": 79.427549195,
      "p": 77.3519163763,
      "r": 81.6176470588
    },
    "csubj": {
      "f": 42.4242424242,
      "p": 53.8461538462,
      "r": 35.0
    },
    "dep": {
      "f": 0.0,
      "p": 0.0,
      "r": 0.0
    },
    "det": {
      "f": 94.7279271649,
      "p": 92.8215767635,
      "r": 96.7142239516
    },
    "expl": {
      "f": 38.8888888889,
      "p": 46.6666666667,
      "r": 33.3333333333
    },
    "expl:pv": {
      "f": 70.9677419355,
      "p": 67.3469387755,
      "r": 75.0
    },
    "fixed": {
      "f": 50.3432494279,
      "p": 75.0853242321,
      "r": 37.8657487091
    },
    "flat": {
      "f": 77.191011236,
      "p": 79.8837209302,
      "r": 74.6739130435
    },
    "iobj": {
      "f": 50.9803921569,
      "p": 72.2222222222,
      "r": 39.3939393939
    },
    "mark": {
      "f": 88.2246376812,
      "p": 87.7477477477,
      "r": 88.7067395264
    },
    "nmod": {
      "f": 74.2180896027,
      "p": 71.8494271686,
      "r": 76.7482517483
    },
    "nmod:poss": {
      "f": 94.3327239488,
      "p": 94.5054945055,
      "r": 94.1605839416
    },
    "nsubj": {
      "f": 85.0393700787,
      "p": 84.8722986248,
      "r": 85.2071005917
    },
    "nsubj:pass": {
      "f": 82.8220858896,
      "p": 80.8383233533,
      "r": 84.9056603774
    },
    "nummod": {
      "f": 82.6709062003,
      "p": 79.0273556231,
      "r": 86.6666666667
    },
    "obj": {
      "f": 75.2225519288,
      "p": 73.2658959538,
      "r": 77.2865853659
    },
    "obl": {
      "f": 74.6135348677,
      "p": 75.2077562327,
      "r": 74.0286298569
    },
    "obl:agent": {
      "f": 90.9090909091,
      "p": 96.1538461538,
      "r": 86.2068965517
    },
    "orphan": {
      "f": 0.0,
      "p": 0.0,
      "r": 0.0
    },
    "parataxis": {
      "f": 29.3577981651,
      "p": 39.5061728395,
      "r": 23.3576642336
    },
    "root": {
      "f": 88.4078212291,
      "p": 86.1224489796,
      "r": 90.8177905308
    },
    "xcomp": {
      "f": 65.6987295826,
      "p": 64.8745519713,
      "r": 66.5441176471
    }
  },
  "tags_acc": 93.6886211863,
  "token_acc": 99.7471885625,
  "uas": 86.3249163371
}